{"cameraMode":{"drawMode":0,"name":"Shaded","section":"Shading Mode"},"sceneLighting":false,"audioPlay":false,"sceneViewState":{"m_AlwaysRefresh":false,"showFog":true,"showSkybox":false,"showFlares":true,"showImageEffects":true,"showParticleSystems":true,"showVisualEffectGraphs":true,"m_FxEnabled":true},"in2DMode":false,"pivot":{"x":-0.42086029052734377,"y":2.1794815063476564,"z":0.34546566009521487},"rotation":{"x":0.2811943590641022,"y":-0.07332327961921692,"z":0.021553440019488336,"w":0.9566034078598023},"size":10.938883781433106,"orthographic":false}