{"cameraMode":{"drawMode":0,"name":"Shaded","section":"Shading Mode"},"sceneLighting":false,"audioPlay":false,"sceneViewState":{"m_AlwaysRefresh":false,"showFog":true,"showSkybox":false,"showFlares":true,"showImageEffects":true,"showParticleSystems":true,"showVisualEffectGraphs":true,"m_FxEnabled":true},"in2DMode":false,"pivot":{"x":2.7517471313476564,"y":17.459552764892579,"z":0.9438133239746094},"rotation":{"x":0.2811943590641022,"y":-0.07332327961921692,"z":0.021553440019488336,"w":0.9566034078598023},"size":36.110374450683597,"orthographic":false}